3;USA;Federated States of Micronesia;Chuuk;Amachang;E151.631;N7.34917;12;
3;USA;Federated States of Micronesia;Chuuk;Amachang;E151.634;N7.35028;12;
3;USA;Federated States of Micronesia;Chuuk;Aranga, Oror En;E151.87;N7.30556;12;
3;USA;Federated States of Micronesia;Chuuk;Aun;E151.846;N7.33278;12;
3;USA;Federated States of Micronesia;Chuuk;Awachang, Oror En;E151.581;N7.34333;12;
3;USA;Federated States of Micronesia;Chuuk;Chorong, Ororen;E151.671;N7.40528;12;
3;USA;Federated States of Micronesia;Chuuk;Chorong;E151.664;N7.40972;12;
3;USA;Federated States of Micronesia;Chuuk;Chukienu;E151.618;N7.34861;12;
3;USA;Federated States of Micronesia;Chuuk;Chukuram;E151.596;N7.34722;12;
3;USA;Federated States of Micronesia;Chuuk;Chun;E151.861;N7.37361;12;
3;USA;Federated States of Micronesia;Chuuk;Enniefich;E151.564;N7.33639;12;
3;USA;Federated States of Micronesia;Chuuk;Epin, Oror En;E151.568;N7.37111;12;
3;USA;Federated States of Micronesia;Chuuk;Epin;E151.569;N7.37139;12;
3;USA;Federated States of Micronesia;Chuuk;Epinua;E151.58;N7.37444;12;
3;USA;Federated States of Micronesia;Chuuk;Epinup, Oror En;E151.863;N7.43139;12;
3;USA;Federated States of Micronesia;Chuuk;Epinup;E151.859;N7.43333;12;
3;USA;Federated States of Micronesia;Chuuk;Etiemar;E151.589;N7.37361;12;
3;USA;Federated States of Micronesia;Chuuk;Faichopuech;E151.818;N7.30028;12;
3;USA;Federated States of Micronesia;Chuuk;Fais, Ororen;E151.838;N7.45;12;
3;USA;Federated States of Micronesia;Chuuk;Faison, Oror En;E151.662;N7.34944;12;
3;USA;Federated States of Micronesia;Chuuk;Fakowon, Ororen;E151.706;N7.39056;12;
3;USA;Federated States of Micronesia;Chuuk;Fananowas, Ororen;E151.574;N7.3775;12;
3;USA;Federated States of Micronesia;Chuuk;Fanasito;E151.611;N7.32167;12;
3;USA;Federated States of Micronesia;Chuuk;Fanip, Oror En;E151.782;N7.36;12;
3;USA;Federated States of Micronesia;Chuuk;Fanip;E151.734;N7.38333;12;
3;USA;Federated States of Micronesia;Chuuk;Fanip;E151.782;N7.36028;12;
3;USA;Federated States of Micronesia;Chuuk;Fanip;E151.877;N7.48111;12;
3;USA;Federated States of Micronesia;Chuuk;Fankachau;E151.88;N7.38139;12;
3;USA;Federated States of Micronesia;Chuuk;Fanomo, Ororen;E151.716;N7.38389;12;
3;USA;Federated States of Micronesia;Chuuk;Fanomo;E151.716;N7.3825;12;
3;USA;Federated States of Micronesia;Chuuk;Fansafak, Ororen;E151.701;N7.37694;12;
3;USA;Federated States of Micronesia;Chuuk;Farekich;E151.601;N7.32222;12;
3;USA;Federated States of Micronesia;Chuuk;Faro, Oror En;E151.628;N7.32556;12;
3;USA;Federated States of Micronesia;Chuuk;Faro;E151.628;N7.32667;12;
3;USA;Federated States of Micronesia;Chuuk;Fason;E151.629;N7.33889;12;
3;USA;Federated States of Micronesia;Chuuk;Fason;E151.849;N7.35194;12;
3;USA;Federated States of Micronesia;Chuuk;Faucha;E151.606;N7.31722;12;
3;USA;Federated States of Micronesia;Chuuk;Fein, Oror En;E151.827;N7.34278;12;
3;USA;Federated States of Micronesia;Chuuk;Feini;E151.828;N7.34389;12;
3;USA;Federated States of Micronesia;Chuuk;Fongen;E151.819;N7.35472;12;
3;USA;Federated States of Micronesia;Chuuk;Founom, Ororen;E158.764;N6.67639;12;
3;USA;Federated States of Micronesia;Chuuk;Foup;E151.62;N7.36889;12;
3;USA;Federated States of Micronesia;Chuuk;Foupo;E151.627;N7.36;12;
3;USA;Federated States of Micronesia;Chuuk;Ichimaton;E151.882;N7.365;12;
3;USA;Federated States of Micronesia;Chuuk;Ikun;E151.564;N7.335;12;
3;USA;Federated States of Micronesia;Chuuk;Iras;E151.841;N7.45278;12;
3;USA;Federated States of Micronesia;Chuuk;Kokuso, Oror En;E151.876;N7.36139;12;
3;USA;Federated States of Micronesia;Chuuk;Konik, Oror En;E151.882;N7.36889;12;
3;USA;Federated States of Micronesia;Chuuk;Kuchua, Oror En;E151.891;N7.38722;12;
3;USA;Federated States of Micronesia;Chuuk;Kukkuwu, Oror En;E151.835;N7.3275;12;
3;USA;Federated States of Micronesia;Chuuk;Kukkuwu;E151.836;N7.32694;12;
3;USA;Federated States of Micronesia;Chuuk;Lugav;E149.198;N7.35917;12;
3;USA;Federated States of Micronesia;Chuuk;Manaio;E151.569;N7.34194;12;
3;USA;Federated States of Micronesia;Chuuk;Manukun, Oror En;E151.869;N7.31167;12;
3;USA;Federated States of Micronesia;Chuuk;Manukun;E151.837;N7.33222;12;
3;USA;Federated States of Micronesia;Chuuk;Manukun;E151.871;N7.3075;12;
3;USA;Federated States of Micronesia;Chuuk;Mechitiw;E151.856;N7.45806;12;
3;USA;Federated States of Micronesia;Chuuk;Meseiku;E151.837;N7.33083;12;
3;USA;Federated States of Micronesia;Chuuk;Meseniko;E151.823;N7.29528;12;
3;USA;Federated States of Micronesia;Chuuk;Meseran;E151.882;N7.38472;12;
3;USA;Federated States of Micronesia;Chuuk;Mesor;E151.879;N7.48194;12;
3;USA;Federated States of Micronesia;Chuuk;Messa, Oror En;E151.85;N7.35361;12;
3;USA;Federated States of Micronesia;Chuuk;Messa;E151.849;N7.35361;12;
3;USA;Federated States of Micronesia;Chuuk;Miari;E151.586;N7.32417;12;
3;USA;Federated States of Micronesia;Chuuk;Mochon;E151.879;N7.30778;12;
3;USA;Federated States of Micronesia;Chuuk;Monowe;E151.702;N7.3725;12;
3;USA;Federated States of Micronesia;Chuuk;Monowe;E151.708;N7.37667;12;
3;USA;Federated States of Micronesia;Chuuk;Muanon;E151.882;N7.375;12;
3;USA;Federated States of Micronesia;Chuuk;Munien;E151.612;N7.31972;12;
3;USA;Federated States of Micronesia;Chuuk;Mwan, Oror En;E151.832;N7.34083;12;
3;USA;Federated States of Micronesia;Chuuk;Mwan;E151.835;N7.43333;12;
3;USA;Federated States of Micronesia;Chuuk;Mwanitiw;E151.702;N7.37861;12;
3;USA;Federated States of Micronesia;Chuuk;Mwen;E151.833;N7.34083;12;
3;USA;Federated States of Micronesia;Chuuk;Nafonong, Oror En;E151.631;N7.34111;12;
3;USA;Federated States of Micronesia;Chuuk;Nambo, Oror En;E151.891;N7.36917;12;
3;USA;Federated States of Micronesia;Chuuk;Nambo;E151.589;N7.385;12;
3;USA;Federated States of Micronesia;Chuuk;Nechap;E151.861;N7.3775;12;
3;USA;Federated States of Micronesia;Chuuk;Nechinam, Oror En;E151.858;N7.3725;12;
3;USA;Federated States of Micronesia;Chuuk;Nechinapa, Oror En;E151.858;N7.37694;12;
3;USA;Federated States of Micronesia;Chuuk;Nechocho;E151.623;N7.325;12;
3;USA;Federated States of Micronesia;Chuuk;Neirenom;E151.588;N7.32389;12;
3;USA;Federated States of Micronesia;Chuuk;Neiropat, Oror En;E151.566;N7.34111;12;
3;USA;Federated States of Micronesia;Chuuk;Neiwe;E151.843;N7.41583;12;
3;USA;Federated States of Micronesia;Chuuk;Nemeis, Oror En;E151.734;N7.38028;12;
3;USA;Federated States of Micronesia;Chuuk;Nemop, Oror En;E151.603;N7.33028;12;
3;USA;Federated States of Micronesia;Chuuk;Nemus, Oror En;E151.895;N7.37056;12;
3;USA;Federated States of Micronesia;Chuuk;Nemwan, Ororen;E151.888;N7.44889;12;
3;USA;Federated States of Micronesia;Chuuk;Nemwan;E151.889;N7.44861;12;
3;USA;Federated States of Micronesia;Chuuk;Nengeon;E151.782;N7.34056;12;
3;USA;Federated States of Micronesia;Chuuk;Nenor, Oror En;E151.606;N7.385;12;
3;USA;Federated States of Micronesia;Chuuk;Nenunong, Oror En;E151.614;N7.37639;12;
3;USA;Federated States of Micronesia;Chuuk;Nepanonong, Oror En;E151.583;N7.32444;12;
3;USA;Federated States of Micronesia;Chuuk;Nepi, Oror En;E151.892;N7.38444;12;
3;USA;Federated States of Micronesia;Chuuk;Nepinom, Oror En;E151.896;N7.44278;12;
3;USA;Federated States of Micronesia;Chuuk;Nepinom, Ororen;E151.722;N7.37806;12;
3;USA;Federated States of Micronesia;Chuuk;Nepitiw, Oror En;E151.659;N7.35944;12;
3;USA;Federated States of Micronesia;Chuuk;Nepon, Oror En;E151.881;N7.2875;12;
3;USA;Federated States of Micronesia;Chuuk;Nepon;E151.882;N7.28917;12;
3;USA;Federated States of Micronesia;Chuuk;Nepononong;E151.886;N7.29917;12;
3;USA;Federated States of Micronesia;Chuuk;Nepos;E151.602;N7.39083;12;
3;USA;Federated States of Micronesia;Chuuk;Nepukos;E151.839;N7.44389;12;
3;USA;Federated States of Micronesia;Chuuk;Nepung, Oror En;E151.835;N7.43528;12;
3;USA;Federated States of Micronesia;Chuuk;Nesamo, Oror En;E151.822;N7.29667;12;
3;USA;Federated States of Micronesia;Chuuk;Nesamo;E151.822;N7.29667;12;
3;USA;Federated States of Micronesia;Chuuk;Nesarau, Oror En;E151.886;N7.30278;12;
3;USA;Federated States of Micronesia;Chuuk;Nesarau;E151.886;N7.30278;12;
3;USA;Federated States of Micronesia;Chuuk;Nesi, Oror En;E151.634;N7.35222;12;
3;USA;Federated States of Micronesia;Chuuk;Netawanap, Oror En;E151.586;N7.34389;12;
3;USA;Federated States of Micronesia;Chuuk;Netiw, Oror En;E151.632;N7.36028;12;
3;USA;Federated States of Micronesia;Chuuk;Neton;E151.584;N7.34222;12;
3;USA;Federated States of Micronesia;Chuuk;New, Ororen;E151.878;N7.48111;12;
3;USA;Federated States of Micronesia;Chuuk;Newomas, Ororen;E151.704;N7.37389;12;
3;USA;Federated States of Micronesia;Chuuk;Ngasano, Ororen;E151.86;N7.45722;12;
3;USA;Federated States of Micronesia;Chuuk;Nieiruk, Oror En;E151.86;N7.38222;12;
3;USA;Federated States of Micronesia;Chuuk;Nomur, Oror En;E151.877;N7.36167;12;
3;USA;Federated States of Micronesia;Chuuk;Nukaf;E151.574;N7.37694;12;
3;USA;Federated States of Micronesia;Chuuk;Nukan, Oror En;E151.874;N7.36083;12;
3;USA;Federated States of Micronesia;Chuuk;Nukan;E151.765;N7.67667;12;
3;USA;Federated States of Micronesia;Chuuk;Nukan;E151.818;N7.30194;12;
3;USA;Federated States of Micronesia;Chuuk;Nukan;E151.873;N7.36222;12;
3;USA;Federated States of Micronesia;Chuuk;Nukan;E151.879;N7.30722;12;
3;USA;Federated States of Micronesia;Chuuk;Nukanap, Oror En;E151.887;N7.29889;12;
3;USA;Federated States of Micronesia;Chuuk;Nukanap;E151.786;N7.35444;12;
3;USA;Federated States of Micronesia;Chuuk;Nukanap;E151.873;N7.43861;12;
3;USA;Federated States of Micronesia;Chuuk;Nukanap;E151.896;N7.37306;12;
3;USA;Federated States of Micronesia;Chuuk;Nukonap, Oror En;E151.787;N7.35472;12;
3;USA;Federated States of Micronesia;Chuuk;Nukuno;E151.87;N7.3625;12;
3;USA;Federated States of Micronesia;Chuuk;Nukunumich;E151.608;N7.31778;12;
3;USA;Federated States of Micronesia;Chuuk;Onongoch;E151.822;N7.34861;12;
3;USA;Federated States of Micronesia;Chuuk;Opun;E151.782;N7.3525;12;
3;USA;Federated States of Micronesia;Chuuk;Or;E151.896;N7.44444;12;
3;USA;Federated States of Micronesia;Chuuk;Pachangan, Oror En;E151.634;N7.32528;12;
3;USA;Federated States of Micronesia;Chuuk;Pata;E151.873;N7.38611;12;
3;USA;Federated States of Micronesia;Chuuk;Penia;E151.705;N7.38917;12;
3;USA;Federated States of Micronesia;Chuuk;Penia;E151.87;N7.45139;12;
3;USA;Federated States of Micronesia;Chuuk;Peniata;E151.595;N7.39222;12;
3;USA;Federated States of Micronesia;Chuuk;Peniemuan;E151.791;N7.36167;12;
3;USA;Federated States of Micronesia;Chuuk;Peniemwan;E151.738;N7.3825;12;
3;USA;Federated States of Micronesia;Chuuk;Penienuk;E151.893;N7.37056;12;
3;USA;Federated States of Micronesia;Chuuk;Peniesene;E151.869;N7.4525;12;
3;USA;Federated States of Micronesia;Chuuk;Penior, Oror En;E151.775;N7.33889;12;
3;USA;Federated States of Micronesia;Chuuk;Penior;E151.888;N7.37556;12;
3;USA;Federated States of Micronesia;Chuuk;Petiw;E151.872;N7.43806;12;
3;USA;Federated States of Micronesia;Chuuk;Pieis;E151.839;N7.35944;12;
3;USA;Federated States of Micronesia;Chuuk;Pisam, Oror En;E151.732;N7.37722;12;
3;USA;Federated States of Micronesia;Chuuk;Pokochou;E151.574;N7.36917;12;
3;USA;Federated States of Micronesia;Chuuk;Pwene;E151.863;N7.365;12;
3;USA;Federated States of Micronesia;Chuuk;Relong;E149.197;N7.36194;12;
3;USA;Federated States of Micronesia;Chuuk;Rewo;E149.193;N7.35333;12;
3;USA;Federated States of Micronesia;Chuuk;Roro;E151.875;N7.3775;12;
3;USA;Federated States of Micronesia;Chuuk;Rusin, Ororen;E151.709;N7.37556;12;
3;USA;Federated States of Micronesia;Chuuk;Sannuk;E151.831;N7.345;12;
3;USA;Federated States of Micronesia;Chuuk;Sanuk, Oror En;E151.881;N7.3075;12;
3;USA;Federated States of Micronesia;Chuuk;Sanuk;E151.881;N7.30667;12;
3;USA;Federated States of Micronesia;Chuuk;Sapitiu;E151.59;N7.38861;12;
3;USA;Federated States of Micronesia;Chuuk;Sapoer;E151.847;N7.33583;12;
3;USA;Federated States of Micronesia;Chuuk;Saponong;E151.879;N7.37111;12;
3;USA;Federated States of Micronesia;Chuuk;Saporanong;E151.836;N7.33583;12;
3;USA;Federated States of Micronesia;Chuuk;Sapota, Ororen;E151.585;N7.38139;12;
3;USA;Federated States of Micronesia;Chuuk;Sapota;E151.583;N7.38111;12;
3;USA;Federated States of Micronesia;Chuuk;Sapota;E151.849;N7.31444;12;
3;USA;Federated States of Micronesia;Chuuk;Sapota;E151.885;N7.29694;12;
3;USA;Federated States of Micronesia;Chuuk;Sapotiu;E151.844;N7.31194;12;
3;USA;Federated States of Micronesia;Chuuk;Sapotiw, Oror En;E151.885;N7.29167;12;
3;USA;Federated States of Micronesia;Chuuk;Sapotiw;E151.761;N7.67361;12;
3;USA;Federated States of Micronesia;Chuuk;Sapotiw;E151.884;N7.29222;12;
3;USA;Federated States of Micronesia;Chuuk;Sapoto, Oror En;E151.85;N7.31444;12;
3;USA;Federated States of Micronesia;Chuuk;Sapou, Oror En;E151.876;N7.28417;12;
3;USA;Federated States of Micronesia;Chuuk;Sapou;E151.567;N7.33222;12;
3;USA;Federated States of Micronesia;Chuuk;Sapou;E151.876;N7.28528;12;
3;USA;Federated States of Micronesia;Chuuk;Sapou;E151.889;N7.38611;12;
3;USA;Federated States of Micronesia;Chuuk;Sapunap;E151.821;N7.29111;12;
3;USA;Federated States of Micronesia;Chuuk;Sopuia, Oror En;E151.882;N7.35611;12;
3;USA;Federated States of Micronesia;Chuuk;Sopuo;E151.837;N7.3125;12;
3;USA;Federated States of Micronesia;Chuuk;Supun;E151.876;N7.3625;12;
3;USA;Federated States of Micronesia;Chuuk;Tolokas;E151.604;N7.37444;12;
3;USA;Federated States of Micronesia;Chuuk;Tonetai;E151.571;N7.37278;12;
3;USA;Federated States of Micronesia;Chuuk;Tonof;E151.864;N7.38556;12;
3;USA;Federated States of Micronesia;Chuuk;Tunuk;E151.72;N7.37833;12;
3;USA;Federated States of Micronesia;Chuuk;Tunuk;E151.721;N7.37028;12;
3;USA;Federated States of Micronesia;Chuuk;Tunuk;E151.861;N7.45556;12;
3;USA;Federated States of Micronesia;Chuuk;Ununo, Oror En;E151.815;N7.36444;12;
3;USA;Federated States of Micronesia;Chuuk;Ununo;E151.815;N7.36417;12;
3;USA;Federated States of Micronesia;Chuuk;Ununou, Ororen;E151.85;N7.46389;12;
3;USA;Federated States of Micronesia;Chuuk;Unupuker, Oror En;E151.898;N7.44694;12;
3;USA;Federated States of Micronesia;Chuuk;Unuwa;E151.824;N7.29139;12;
3;USA;Federated States of Micronesia;Chuuk;Upwein;E151.837;N7.33361;12;
3;USA;Federated States of Micronesia;Chuuk;Upwein;E151.848;N7.33944;12;
3;USA;Federated States of Micronesia;Chuuk;Wichap;E151.854;N7.42472;12;
3;USA;Federated States of Micronesia;Chuuk;Wichukuno;E151.609;N7.35194;12;
3;USA;Federated States of Micronesia;Chuuk;Winifei;E151.636;N7.32861;12;
3;USA;Federated States of Micronesia;Chuuk;Winikei, Ororen;E151.878;N7.45167;12;
3;USA;Federated States of Micronesia;Chuuk;Wininis;E151.848;N7.35583;12;
3;USA;Federated States of Micronesia;Chuuk;Winipis;E151.88;N7.44278;12;
3;USA;Federated States of Micronesia;Chuuk;Winisi, Ororen;E151.661;N7.40694;12;
3;USA;Federated States of Micronesia;Chuuk;Winisi;E151.661;N7.4075;12;
3;USA;Federated States of Micronesia;Chuuk;Wirong, Oror En;E151.597;N7.33778;12;
3;USA;Federated States of Micronesia;Chuuk;Wisenif, Oror En;E151.623;N7.32278;12;
3;USA;Federated States of Micronesia;Chuuk;Wonip;E151.607;N7.33167;12;
3;USA;Federated States of Micronesia;Chuuk;Wonip;E151.731;N7.37667;12;
3;USA;Federated States of Micronesia;Chuuk;Wonpiedi;E151.879;N7.38389;12;
3;USA;Federated States of Micronesia;Kosrae;Finaunpes;E163.017;N5.36639;12;
3;USA;Federated States of Micronesia;Kosrae;Finfoko;E162.992;N5.36722;12;
3;USA;Federated States of Micronesia;Kosrae;Finfokoa;E163.019;N5.36333;12;
3;USA;Federated States of Micronesia;Kosrae;Finfukul;E163.006;N5.36722;12;
3;USA;Federated States of Micronesia;Kosrae;Finkol Te;E162.98;N5.27694;12;
3;USA;Federated States of Micronesia;Kosrae;Finolof;E162.96;N5.34083;12;
3;USA;Federated States of Micronesia;Kosrae;Finpukal;E163.019;N5.34167;12;
3;USA;Federated States of Micronesia;Kosrae;Fomseng;E163.007;N5.33611;12;
3;USA;Federated States of Micronesia;Kosrae;Inkoeya;E163.013;N5.36778;12;
3;USA;Federated States of Micronesia;Kosrae;Insiaf;E162.917;N5.3125;12;
3;USA;Federated States of Micronesia;Kosrae;Leap;E162.915;N5.30778;12;
3;USA;Federated States of Micronesia;Kosrae;Lele;E163.032;N5;12;
3;USA;Federated States of Micronesia;Kosrae;Malam;E163.025;N5.29139;12;
3;USA;Federated States of Micronesia;Kosrae;Malem;E163.024;N5.28861;12;
3;USA;Federated States of Micronesia;Kosrae;Malsu;E162.996;N5.36722;12;
3;USA;Federated States of Micronesia;Kosrae;Mutunnenea;E163.014;N5.33944;12;
3;USA;Federated States of Micronesia;Kosrae;Mutunte;E162.989;N5.36583;12;
3;USA;Federated States of Micronesia;Kosrae;Niiwa;E163.029;N4.93194;12;
3;USA;Federated States of Micronesia;Kosrae;Pelusrik;E162.964;N5.34;12;
3;USA;Federated States of Micronesia;Kosrae;Pukusruk Te;E163.02;N5.35139;12;
3;USA;Federated States of Micronesia;Kosrae;Putuk Te;E163.021;N5.3475;12;
3;USA;Federated States of Micronesia;Kosrae;Sialat;E163.009;N5.3675;12;
3;USA;Federated States of Micronesia;Kosrae;Sroanef;E163.023;N5.34667;12;
3;USA;Federated States of Micronesia;Kosrae;Srupunyot;E162.981;N5.3575;12;
3;USA;Federated States of Micronesia;Kosrae;Taf Te;E162.977;N5.27167;12;
3;USA;Federated States of Micronesia;Kosrae;Tafonsak;E162.986;N5.37083;12;
3;USA;Federated States of Micronesia;Kosrae;Tafunsak;E162.982;N5.36306;12;
3;USA;Federated States of Micronesia;Kosrae;Tepat;E162.943;N5.35389;12;
3;USA;Federated States of Micronesia;Kosrae;Tofol;E163.004;N5.31472;12;
3;USA;Federated States of Micronesia;Kosrae;Utwa Ma;E162.962;N5.27167;12;
3;USA;Federated States of Micronesia;Kosrae;Wiya;E163;N5.36722;12;
3;USA;Federated States of Micronesia;Kosrae;Yekula;E163.004;N5.36639;12;
3;USA;Federated States of Micronesia;Kosrae;Yela;E162.944;N5.32944;12;
3;USA;Federated States of Micronesia;Kosrae;Yepan;E163.031;N5.04083;12;
3;USA;Federated States of Micronesia;Pohnpei;Aderew;E158.275;N6.93583;12;
3;USA;Federated States of Micronesia;Pohnpei;Adohro;E158.182;N6.81861;12;
3;USA;Federated States of Micronesia;Pohnpei;Ahlek;E158.281;N6.87528;12;
3;USA;Federated States of Micronesia;Pohnpei;Ahseia;E158.182;N6.95472;12;
3;USA;Federated States of Micronesia;Pohnpei;Alamoar;E158.26;N6.95972;12;
3;USA;Federated States of Micronesia;Pohnpei;Arapwa;E158.163;N6.82139;12;
3;USA;Federated States of Micronesia;Pohnpei;Arohn;E158.284;N6.86444;12;
3;USA;Federated States of Micronesia;Pohnpei;Awak Pah;E158.246;N6.95889;12;
3;USA;Federated States of Micronesia;Pohnpei;Awak Pow;E158.257;N6.96444;12;
3;USA;Federated States of Micronesia;Pohnpei;Danipei;E158.192;N6.97556;12;
3;USA;Federated States of Micronesia;Pohnpei;Dehd;E158.314;N6.87194;12;
3;USA;Federated States of Micronesia;Pohnpei;Dekehn Iap;E158.216;N6.94222;12;
3;USA;Federated States of Micronesia;Pohnpei;Deleurlap;E158.299;N6.87639;12;
3;USA;Federated States of Micronesia;Pohnpei;Depe;E158.282;N6.82889;12;
3;USA;Federated States of Micronesia;Pohnpei;Diadi;E158.323;N6.86139;12;
3;USA;Federated States of Micronesia;Pohnpei;Dien Pei;E158.31;N6.83639;12;
3;USA;Federated States of Micronesia;Pohnpei;Dienpo;E158.151;N6.83056;12;
3;USA;Federated States of Micronesia;Pohnpei;Dienrar;E158.282;N6.97556;12;
3;USA;Federated States of Micronesia;Pohnpei;Dolesewi Pah;E158.287;N6.83528;12;
3;USA;Federated States of Micronesia;Pohnpei;Dolesewi Powe;E158.282;N6.83333;12;
3;USA;Federated States of Micronesia;Pohnpei;Edinsei;E158.284;N6.86611;12;
3;USA;Federated States of Micronesia;Pohnpei;Elenieng;E158.239;N6.815;12;
3;USA;Federated States of Micronesia;Pohnpei;Eliapw;E158.294;N6.85056;12;
3;USA;Federated States of Micronesia;Pohnpei;Ikeme;E158.157;N6.86472;12;
3;USA;Federated States of Micronesia;Pohnpei;Imwen;E158.33;N6.84528;12;
3;USA;Federated States of Micronesia;Pohnpei;Imwin Diadi;E158.29;N6.79139;12;
3;USA;Federated States of Micronesia;Pohnpei;Iohl;E158.143;N6.93806;12;
3;USA;Federated States of Micronesia;Pohnpei;Ipat;E158.194;N6.95444;12;
3;USA;Federated States of Micronesia;Pohnpei;Ipwal;E158.179;N6.97417;12;
3;USA;Federated States of Micronesia;Pohnpei;Ipwal;E158.295;N6.80778;12;
3;USA;Federated States of Micronesia;Pohnpei;Ipwek;E158.246;N6.955;12;
3;USA;Federated States of Micronesia;Pohnpei;Irenkodi;E158.149;N6.93944;12;
3;USA;Federated States of Micronesia;Pohnpei;Kalengawar;E158.296;N6.79972;12;
3;USA;Federated States of Micronesia;Pohnpei;Kamwele;E158.192;N6.95722;12;
3;USA;Federated States of Micronesia;Pohnpei;Kamweng;E158.297;N6.79889;12;
3;USA;Federated States of Micronesia;Pohnpei;Kapwon;E158.254;N6.96778;12;
3;USA;Federated States of Micronesia;Pohnpei;Kedira;E158.176;N6.81778;12;
3;USA;Federated States of Micronesia;Pohnpei;Kehki;E158.3;N6.81972;12;
3;USA;Federated States of Micronesia;Pohnpei;Keimwin Kiti;E158.274;N6.94972;12;
3;USA;Federated States of Micronesia;Pohnpei;Kepehs;E158.291;N6.98361;12;
3;USA;Federated States of Micronesia;Pohnpei;Kepin Awak;E158.255;N6.9525;12;
3;USA;Federated States of Micronesia;Pohnpei;Kepin Keileng;E158.248;N6.96472;12;
3;USA;Federated States of Micronesia;Pohnpei;Kepin Mweli;E158.233;N6.805;12;
3;USA;Federated States of Micronesia;Pohnpei;Kepin Rohi;E158.221;N6.81444;12;
3;USA;Federated States of Micronesia;Pohnpei;Kepindau;E158.182;N6.97444;12;
3;USA;Federated States of Micronesia;Pohnpei;Kepinleh;E158.203;N6.9675;12;
3;USA;Federated States of Micronesia;Pohnpei;Kepinwou;E158.254;N6.8075;12;
3;USA;Federated States of Micronesia;Pohnpei;Kepkep;E158.159;N6.8675;12;
3;USA;Federated States of Micronesia;Pohnpei;Kitamw;E158.289;N6.885;12;
3;USA;Federated States of Micronesia;Pohnpei;Kitialap;E158.319;N6.91778;12;
3;USA;Federated States of Micronesia;Pohnpei;Kitietik;E158.319;N6.91667;12;
3;USA;Federated States of Micronesia;Pohnpei;Kolonia;E158.208;N6.96417;12;
3;USA;Federated States of Micronesia;Pohnpei;Komwonlaid;E158.205;N6.96917;12;
3;USA;Federated States of Micronesia;Pohnpei;Kurumw;E158.277;N6.92528;12;
3;USA;Federated States of Micronesia;Pohnpei;Lahkir;E158.234;N6.80556;12;
3;USA;Federated States of Micronesia;Pohnpei;Lapwusi;E158.163;N6.85917;12;
3;USA;Federated States of Micronesia;Pohnpei;Lehiak;E158.316;N6.84139;12;
3;USA;Federated States of Micronesia;Pohnpei;Lehle Mwahu;E158.234;N6.92917;12;
3;USA;Federated States of Micronesia;Pohnpei;Lehn Keseurek;E158.239;N6.95639;12;
3;USA;Federated States of Micronesia;Pohnpei;Lehpweltik;E158.305;N6.84167;12;
3;USA;Federated States of Micronesia;Pohnpei;Leurahn;E158.31;N6.83778;12;
3;USA;Federated States of Micronesia;Pohnpei;Lietpas;E158.293;N6.98472;12;
3;USA;Federated States of Micronesia;Pohnpei;Likin Peinko;E158.269;N6.95861;12;
3;USA;Federated States of Micronesia;Pohnpei;Likkie;E158.156;N6.945;12;
3;USA;Federated States of Micronesia;Pohnpei;Lipwour;E158.232;N6.94778;12;
3;USA;Federated States of Micronesia;Pohnpei;Loangen Alemwet;E158.146;N6.93778;12;
3;USA;Federated States of Micronesia;Pohnpei;Loangen Rehwei;E158.224;N6.80722;12;
3;USA;Federated States of Micronesia;Pohnpei;Loangen Rohi;E158.262;N6.80694;12;
3;USA;Federated States of Micronesia;Pohnpei;Loangen Semwei;E158.231;N6.81611;12;
3;USA;Federated States of Micronesia;Pohnpei;Luak;E158.238;N6.81389;12;
3;USA;Federated States of Micronesia;Pohnpei;Luhke;E158.242;N6.95222;12;
3;USA;Federated States of Micronesia;Pohnpei;Luhkeileng;E158.238;N6.82944;12;
3;USA;Federated States of Micronesia;Pohnpei;Lukopoas;E158.274;N6.95167;12;
3;USA;Federated States of Micronesia;Pohnpei;Madol Peidak;E158.33;N6.84194;12;
3;USA;Federated States of Micronesia;Pohnpei;Madol Peidi;E158.326;N6.8375;12;
3;USA;Federated States of Micronesia;Pohnpei;Mahnd;E158.285;N6.84194;12;
3;USA;Federated States of Micronesia;Pohnpei;Malewe;E158.287;N6.98472;12;
3;USA;Federated States of Micronesia;Pohnpei;Malewehlap;E158.215;N6.82194;12;
3;USA;Federated States of Micronesia;Pohnpei;Maramosok;E158.275;N6.93278;12;
3;USA;Federated States of Micronesia;Pohnpei;Marap;E158.284;N6.93222;12;
3;USA;Federated States of Micronesia;Pohnpei;Masatipw;E158.308;N6.835;12;
3;USA;Federated States of Micronesia;Pohnpei;Meiuhpw;E158.257;N6.94972;12;
3;USA;Federated States of Micronesia;Pohnpei;Mesenieng;E158.211;N6.96361;12;
3;USA;Federated States of Micronesia;Pohnpei;Mesenpal;E158.251;N6.9675;12;
3;USA;Federated States of Micronesia;Pohnpei;Metipw En Awak;E158.263;N6.95778;12;
3;USA;Federated States of Micronesia;Pohnpei;Metipw En Uh;E158.266;N6.95778;12;
3;USA;Federated States of Micronesia;Pohnpei;Muntakai;E158.295;N6.93278;12;
3;USA;Federated States of Micronesia;Pohnpei;Mwalok;E158.194;N6.96667;12;
3;USA;Federated States of Micronesia;Pohnpei;Mwasangapw;E158.177;N6.85694;12;
3;USA;Federated States of Micronesia;Pohnpei;Mwelin;E158.209;N6.84472;12;
3;USA;Federated States of Micronesia;Pohnpei;Mwente;E158.306;N6.87167;12;
3;USA;Federated States of Micronesia;Pohnpei;Mwetihleng;E158.3;N6.91472;12;
3;USA;Federated States of Micronesia;Pohnpei;Mwoakot;E158.306;N6.92639;12;
3;USA;Federated States of Micronesia;Pohnpei;Mwoalok;E158.32;N6.85083;12;
3;USA;Federated States of Micronesia;Pohnpei;Nan Dapang;E158.222;N6.95889;12;
3;USA;Federated States of Micronesia;Pohnpei;Nan Kepikep;E158.312;N6.93;12;
3;USA;Federated States of Micronesia;Pohnpei;Nan Keptik;E158.219;N6.80806;12;
3;USA;Federated States of Micronesia;Pohnpei;Nan Lewitik;E158.233;N6.94;12;
3;USA;Federated States of Micronesia;Pohnpei;Nan Loangitik;E158.215;N6.93694;12;
3;USA;Federated States of Micronesia;Pohnpei;Nan Lukop;E158.174;N6.81806;12;
3;USA;Federated States of Micronesia;Pohnpei;Nan Lukop;E158.288;N6.80222;12;
3;USA;Federated States of Micronesia;Pohnpei;Nan Pahlap;E158.248;N6.81444;12;
3;USA;Federated States of Micronesia;Pohnpei;Nan Pahtakai;E158.258;N6.81583;12;
3;USA;Federated States of Micronesia;Pohnpei;Nan Pailong;E158.313;N6.8975;12;
3;USA;Federated States of Micronesia;Pohnpei;Nan Paremwed;E158.167;N6.83167;12;
3;USA;Federated States of Micronesia;Pohnpei;Nan Pohn Mweli;E158.275;N6.84861;12;
3;USA;Federated States of Micronesia;Pohnpei;Nan Rohi;E158.264;N6.80611;12;
3;USA;Federated States of Micronesia;Pohnpei;Nan Wapang;E158.257;N6.95639;12;
3;USA;Federated States of Micronesia;Pohnpei;Nanehngk;E158.306;N6.92333;12;
3;USA;Federated States of Micronesia;Pohnpei;Naneir;E158.193;N6.97;12;
3;USA;Federated States of Micronesia;Pohnpei;Nanengk;E158.291;N6.94333;12;
3;USA;Federated States of Micronesia;Pohnpei;Nanesenlak;E158.24;N6.8075;12;
3;USA;Federated States of Micronesia;Pohnpei;Naniepw;E158.192;N6.81528;12;
3;USA;Federated States of Micronesia;Pohnpei;Nanitipw;E158.234;N6.94333;12;
3;USA;Federated States of Micronesia;Pohnpei;Nankapairong;E158.277;N6.92333;12;
3;USA;Federated States of Micronesia;Pohnpei;Nankepiniak;E158.313;N6.84639;12;
3;USA;Federated States of Micronesia;Pohnpei;Nankepkep;E158.246;N6.95583;12;
3;USA;Federated States of Micronesia;Pohnpei;Nankoaroak;E158.309;N6.81278;12;
3;USA;Federated States of Micronesia;Pohnpei;Nanloahr;E158.31;N6.92167;12;
3;USA;Federated States of Micronesia;Pohnpei;Nanmeir;E158.214;N6.92667;12;
3;USA;Federated States of Micronesia;Pohnpei;Nanpahie;E158.285;N6.93583;12;
3;USA;Federated States of Micronesia;Pohnpei;Nanpahlap;E158.283;N6.81694;12;
3;USA;Federated States of Micronesia;Pohnpei;Nanpei;E158.274;N6.95361;12;
3;USA;Federated States of Micronesia;Pohnpei;Nanpeinering;E158.295;N6.93361;12;
3;USA;Federated States of Micronesia;Pohnpei;Nanpohnsapw;E158.219;N6.96194;12;
3;USA;Federated States of Micronesia;Pohnpei;Nanpwok;E158.297;N6.94778;12;
3;USA;Federated States of Micronesia;Pohnpei;Nanriohk;E158.263;N6.87361;12;
3;USA;Federated States of Micronesia;Pohnpei;Nansapwen Akahk;E158.299;N6.81694;12;
3;USA;Federated States of Micronesia;Pohnpei;Nanseinpwel;E158.19;N6.94944;12;
3;USA;Federated States of Micronesia;Pohnpei;Nanseping;E158.319;N6.86444;12;
3;USA;Federated States of Micronesia;Pohnpei;Nansepsep;E158.221;N6.94222;12;
3;USA;Federated States of Micronesia;Pohnpei;Nansolohi;E158.271;N6.94583;12;
3;USA;Federated States of Micronesia;Pohnpei;Nantipw;E158.233;N6.9425;12;
3;USA;Federated States of Micronesia;Pohnpei;Nanwei;E158.154;N6.82028;12;
3;USA;Federated States of Micronesia;Pohnpei;Nanwei;E158.327;N6.83944;12;
3;USA;Federated States of Micronesia;Pohnpei;Ni Aul;E158.166;N6.86278;12;
3;USA;Federated States of Micronesia;Pohnpei;Nih Kawad;E158.309;N6.84139;12;
3;USA;Federated States of Micronesia;Pohnpei;Nih Pwongin;E158.284;N6.87333;12;
3;USA;Federated States of Micronesia;Pohnpei;Niheke;E158.234;N6.955;12;
3;USA;Federated States of Micronesia;Pohnpei;Nihkaikes;E158.269;N6.91528;12;
3;USA;Federated States of Micronesia;Pohnpei;Nihkaras;E158.291;N6.95111;12;
3;USA;Federated States of Micronesia;Pohnpei;Nihmesehl;E158.242;N6.80917;12;
3;USA;Federated States of Micronesia;Pohnpei;Nihmoak;E158.275;N6.92806;12;
3;USA;Federated States of Micronesia;Pohnpei;Nihpatapat;E158.289;N6.79583;12;
3;USA;Federated States of Micronesia;Pohnpei;Nihsein;E158.299;N6.95972;12;
3;USA;Federated States of Micronesia;Pohnpei;Nihsou;E158.296;N6.84722;12;
3;USA;Federated States of Micronesia;Pohnpei;Nihwel;E158.326;N6.84917;12;
3;USA;Federated States of Micronesia;Pohnpei;Nin Loang;E158.155;N6.88389;12;
3;USA;Federated States of Micronesia;Pohnpei;Nin Loang;E158.162;N6.84861;12;
3;USA;Federated States of Micronesia;Pohnpei;Nin Soksok;E158.22;N6.9675;12;
3;USA;Federated States of Micronesia;Pohnpei;Nin Tukenwar;E158.22;N6.93583;12;
3;USA;Federated States of Micronesia;Pohnpei;Ninlehur;E158.269;N6.8725;12;
3;USA;Federated States of Micronesia;Pohnpei;Ninlong;E158.167;N6.83;12;
3;USA;Federated States of Micronesia;Pohnpei;Ninlus;E158.186;N6.93444;12;
3;USA;Federated States of Micronesia;Pohnpei;Ninseitamw;E158.202;N6.96583;12;
3;USA;Federated States of Micronesia;Pohnpei;Nipaip;E158.188;N6.93306;12;
3;USA;Federated States of Micronesia;Pohnpei;Nipaip;E158.223;N6.945;12;
3;USA;Federated States of Micronesia;Pohnpei;Noahle;E158.215;N6.81972;12;
3;USA;Federated States of Micronesia;Pohnpei;Nuehs;E158.298;N6.95333;12;
3;USA;Federated States of Micronesia;Pohnpei;Oumoar;E158.168;N6.93528;12;
3;USA;Federated States of Micronesia;Pohnpei;Pahina;E158.274;N6.93778;12;
3;USA;Federated States of Micronesia;Pohnpei;Pahlap;E158.271;N6.94472;12;
3;USA;Federated States of Micronesia;Pohnpei;Pahlap;E158.294;N6.84972;12;
3;USA;Federated States of Micronesia;Pohnpei;Pahlap;E158.322;N6.85083;12;
3;USA;Federated States of Micronesia;Pohnpei;Pahn Diadi;E158.224;N6.80389;12;
3;USA;Federated States of Micronesia;Pohnpei;Pahn Imwindol;E158.295;N6.94667;12;
3;USA;Federated States of Micronesia;Pohnpei;Pahn Kalang;E158.306;N6.92167;12;
3;USA;Federated States of Micronesia;Pohnpei;Pahn Kipar;E158.137;N6.89833;12;
3;USA;Federated States of Micronesia;Pohnpei;Pahn Lepindong;E158.23;N6.93444;12;
3;USA;Federated States of Micronesia;Pohnpei;Pahn Parahdak;E158.231;N6.93611;12;
3;USA;Federated States of Micronesia;Pohnpei;Pahn Peikapw;E158.241;N6.80778;12;
3;USA;Federated States of Micronesia;Pohnpei;Pahn Sekeren;E158.291;N6.85389;12;
3;USA;Federated States of Micronesia;Pohnpei;Pahn Tehlap;E158.235;N6.8125;12;
3;USA;Federated States of Micronesia;Pohnpei;Pahnaiau;E158.288;N6.78556;12;
3;USA;Federated States of Micronesia;Pohnpei;Pahnasang;E158.221;N6.96278;12;
3;USA;Federated States of Micronesia;Pohnpei;Pahnaul;E158.246;N6.96194;12;
3;USA;Federated States of Micronesia;Pohnpei;Pahnios;E158.304;N6.84056;12;
3;USA;Federated States of Micronesia;Pohnpei;Pahnisou;E158.293;N6.93583;12;
3;USA;Federated States of Micronesia;Pohnpei;Pahnpei;E158.322;N6.86139;12;
3;USA;Federated States of Micronesia;Pohnpei;Pahntipwe;E158.148;N6.94917;12;
3;USA;Federated States of Micronesia;Pohnpei;Pahntorong;E158.223;N6.94778;12;
3;USA;Federated States of Micronesia;Pohnpei;Paieke;E158.233;N6.80667;12;
3;USA;Federated States of Micronesia;Pohnpei;Paies;E158.272;N6.93861;12;
3;USA;Federated States of Micronesia;Pohnpei;Paison;E158.325;N6.86361;12;
3;USA;Federated States of Micronesia;Pohnpei;Pakara;E158.179;N6.81417;12;
3;USA;Federated States of Micronesia;Pohnpei;Paliais;E158.222;N6.95583;12;
3;USA;Federated States of Micronesia;Pohnpei;Panaihs;E158.244;N6.82583;12;
3;USA;Federated States of Micronesia;Pohnpei;Parau;E158.297;N6.84639;12;
3;USA;Federated States of Micronesia;Pohnpei;Peiai;E158.282;N6.87139;12;
3;USA;Federated States of Micronesia;Pohnpei;Peiak;E158.296;N6.94806;12;
3;USA;Federated States of Micronesia;Pohnpei;Peidie;E158.19;N6.95333;12;
3;USA;Federated States of Micronesia;Pohnpei;Peilik;E158.262;N6.9625;12;
3;USA;Federated States of Micronesia;Pohnpei;Peilong;E158.174;N6.9725;12;
3;USA;Federated States of Micronesia;Pohnpei;Pein Semwei;E158.23;N6.81889;12;
3;USA;Federated States of Micronesia;Pohnpei;Peinsong;E158.247;N6.96361;12;
3;USA;Federated States of Micronesia;Pohnpei;Peisou;E158.313;N6.92361;12;
3;USA;Federated States of Micronesia;Pohnpei;Pelik;E158.257;N6.96306;12;
3;USA;Federated States of Micronesia;Pohnpei;Peteil;E158.253;N6.95;12;
3;USA;Federated States of Micronesia;Pohnpei;Pidek Keren;E158.315;N6.87278;12;
3;USA;Federated States of Micronesia;Pohnpei;Pisoun;E158.311;N6.87083;12;
3;USA;Federated States of Micronesia;Pohnpei;Poatoik;E158.254;N6.99917;12;
3;USA;Federated States of Micronesia;Pohnpei;Pohn Allap;E158.277;N6.87444;12;
3;USA;Federated States of Micronesia;Pohnpei;Pohn Auwas;E158.159;N6.86833;12;
3;USA;Federated States of Micronesia;Pohnpei;Pohn Dolekirou;E158.23;N6.80833;12;
3;USA;Federated States of Micronesia;Pohnpei;Pohn Dolomwar Peiei;E158.317;N6.84333;12;
3;USA;Federated States of Micronesia;Pohnpei;Pohn Iak;E158.287;N6.78833;12;
3;USA;Federated States of Micronesia;Pohnpei;Pohn Imwinsapw;E158.154;N6.895;12;
3;USA;Federated States of Micronesia;Pohnpei;Pohn Kali;E158.168;N6.81528;12;
3;USA;Federated States of Micronesia;Pohnpei;Pohn Keimw;E158.157;N6.86917;12;
3;USA;Federated States of Micronesia;Pohnpei;Pohn Keimw;E158.273;N6.94722;12;
3;USA;Federated States of Micronesia;Pohnpei;Pohn Koi;E158.141;N6.94028;12;
3;USA;Federated States of Micronesia;Pohnpei;Pohn Maka;E158.289;N6.93;12;
3;USA;Federated States of Micronesia;Pohnpei;Pohn Mwasowel;E158.29;N6.94611;12;
3;USA;Federated States of Micronesia;Pohnpei;Pohn Paip;E158.168;N6.83306;12;
3;USA;Federated States of Micronesia;Pohnpei;Pohn Paip;E158.295;N6.86528;12;
3;USA;Federated States of Micronesia;Pohnpei;Pohn Pw;E158.236;N6.81194;12;
3;USA;Federated States of Micronesia;Pohnpei;Pohn Pwet;E158.321;N6.86;12;
3;USA;Federated States of Micronesia;Pohnpei;Pohn Saleng;E158.169;N6.83389;12;
3;USA;Federated States of Micronesia;Pohnpei;Pohn Semwet;E158.157;N6.87361;12;
3;USA;Federated States of Micronesia;Pohnpei;Pohn Sok;E158.169;N6.82583;12;
3;USA;Federated States of Micronesia;Pohnpei;Pohn Uh;E158.277;N6.86861;12;
3;USA;Federated States of Micronesia;Pohnpei;Pohn Uhs;E158.177;N6.815;12;
3;USA;Federated States of Micronesia;Pohnpei;Pohnallap;E158.18;N6.83111;12;
3;USA;Federated States of Micronesia;Pohnpei;Pohnauleng;E158.283;N6.85444;12;
3;USA;Federated States of Micronesia;Pohnpei;Pohndau;E158.233;N6.96111;12;
3;USA;Federated States of Micronesia;Pohnpei;Pohndau;E158.31;N6.83889;12;
3;USA;Federated States of Micronesia;Pohnpei;Pohndimwur;E158.234;N6.95722;12;
3;USA;Federated States of Micronesia;Pohnpei;Pohnered;E158.178;N6.81389;12;
3;USA;Federated States of Micronesia;Pohnpei;Pohniak;E158.292;N6.86667;12;
3;USA;Federated States of Micronesia;Pohnpei;Pohnkalangi;E158.201;N6.95278;12;
3;USA;Federated States of Micronesia;Pohnpei;Pohnlangas;E158.295;N6.83611;12;
3;USA;Federated States of Micronesia;Pohnpei;Pohnloang;E158.287;N6.87;12;
3;USA;Federated States of Micronesia;Pohnpei;Pohnmall;E158.17;N6.81972;12;
3;USA;Federated States of Micronesia;Pohnpei;Pohnmed;E158.307;N6.83667;12;
3;USA;Federated States of Micronesia;Pohnpei;Pohnrakied;E158.202;N6.96028;12;
3;USA;Federated States of Micronesia;Pohnpei;Pohnseiuh;E158.209;N6.81806;12;
3;USA;Federated States of Micronesia;Pohnpei;Pohnsou;E158.307;N6.92861;12;
3;USA;Federated States of Micronesia;Pohnpei;Pohntakaitohr;E158.25;N6.81833;12;
3;USA;Federated States of Micronesia;Pohnpei;Pwairehtik;E158.297;N6.84111;12;
3;USA;Federated States of Micronesia;Pohnpei;Pweikamw;E158.272;N6.93667;12;
3;USA;Federated States of Micronesia;Pohnpei;Pwel Weita;E158.159;N6.86806;12;
3;USA;Federated States of Micronesia;Pohnpei;Pwudoi;E158.157;N6.84806;12;
3;USA;Federated States of Micronesia;Pohnpei;Pwuere;E158.281;N6.98028;12;
3;USA;Federated States of Micronesia;Pohnpei;Reikapw;E158.158;N6.86611;12;
3;USA;Federated States of Micronesia;Pohnpei;Rekihpas;E158.178;N6.82111;12;
3;USA;Federated States of Micronesia;Pohnpei;Reou;E158.188;N6.95333;12;
3;USA;Federated States of Micronesia;Pohnpei;Rohi;E158.267;N6.80389;12;
3;USA;Federated States of Micronesia;Pohnpei;Roie;E158.174;N6.96778;12;
3;USA;Federated States of Micronesia;Pohnpei;Sakarakapw;E158.293;N6.85278;12;
3;USA;Federated States of Micronesia;Pohnpei;Sakarakapw;E158.326;N6.86472;12;
3;USA;Federated States of Micronesia;Pohnpei;Sakaralap;E158.294;N6.935;12;
3;USA;Federated States of Micronesia;Pohnpei;Sakariso;E158.295;N6.98556;12;
3;USA;Federated States of Micronesia;Pohnpei;Sakartik;E158.152;N6.88528;12;
3;USA;Federated States of Micronesia;Pohnpei;Saladak;E158.152;N6.95167;12;
3;USA;Federated States of Micronesia;Pohnpei;Salong;E158.316;N6.85083;12;
3;USA;Federated States of Micronesia;Pohnpei;Sapworo;E158.284;N6.93444;12;
3;USA;Federated States of Micronesia;Pohnpei;Sapwtakai;E158.279;N6.97639;12;
3;USA;Federated States of Micronesia;Pohnpei;Sehp;E158.294;N6.95472;12;
3;USA;Federated States of Micronesia;Pohnpei;Seidihne;E158.272;N6.94111;12;
3;USA;Federated States of Micronesia;Pohnpei;Seiten;E158.287;N6.87389;12;
3;USA;Federated States of Micronesia;Pohnpei;Sekeren Iap;E158.164;N6.81444;12;
3;USA;Federated States of Micronesia;Pohnpei;Sekeren Kahle;E158.156;N6.86167;12;
3;USA;Federated States of Micronesia;Pohnpei;Sekeren Lapahu;E158.159;N6.85;12;
3;USA;Federated States of Micronesia;Pohnpei;Sekeren Pei;E158.199;N6.81306;12;
3;USA;Federated States of Micronesia;Pohnpei;Sokehs Pah;E158.179;N6.96278;12;
3;USA;Federated States of Micronesia;Pohnpei;Soledi;E158.182;N6.95694;12;
3;USA;Federated States of Micronesia;Pohnpei;Sopwlong;E158.309;N6.92972;12;
3;USA;Federated States of Micronesia;Pohnpei;Souhna;E158.27;N6.95833;12;
3;USA;Federated States of Micronesia;Pohnpei;Sounamw;E158.292;N6.92972;12;
3;USA;Federated States of Micronesia;Pohnpei;Sounting;E158.219;N6.97056;12;
3;USA;Federated States of Micronesia;Pohnpei;Soupihr;E158.311;N6.87194;12;
3;USA;Federated States of Micronesia;Pohnpei;Tahio;E158.313;N6.87139;12;
3;USA;Federated States of Micronesia;Pohnpei;Tamwarohi;E158.132;N6.93111;12;
3;USA;Federated States of Micronesia;Pohnpei;Tamworohi;E158.304;N6.83917;12;
3;USA;Federated States of Micronesia;Pohnpei;Tomwara;E158.234;N6.95917;12;
3;USA;Federated States of Micronesia;Pohnpei;Wap;E158.199;N6.9775;12;
3;USA;Federated States of Micronesia;Pohnpei;Weipowe;E158.229;N6.96528;12;
3;USA;Federated States of Micronesia;Pohnpei;Woloke;E158.287;N6.93111;12;
3;USA;Federated States of Micronesia;Yap;Baleabaat';E138.128;N9.50306;12;
3;USA;Federated States of Micronesia;Yap;Baqanimaqut;E138.114;N9.50444;12;
3;USA;Federated States of Micronesia;Yap;Bechyal;E138.174;N9.61028;12;
3;USA;Federated States of Micronesia;Yap;Beenik;E138.12;N9.49917;12;
3;USA;Federated States of Micronesia;Yap;Bileeyibuw;E138.149;N9.52389;12;
3;USA;Federated States of Micronesia;Yap;Biloechaang;E138.127;N9.55;12;
3;USA;Federated States of Micronesia;Yap;Binaew;E138.092;N9.52972;12;
3;USA;Federated States of Micronesia;Yap;Binaew;E138.186;N9.53972;12;
3;USA;Federated States of Micronesia;Yap;Bugol;E138.162;N9.51472;12;
3;USA;Federated States of Micronesia;Yap;Bulwol;E138.153;N9.63;12;
3;USA;Federated States of Micronesia;Yap;Bunuknuk;E138.124;N9.56889;12;
3;USA;Federated States of Micronesia;Yap;Choichoi;E140.515;N9.75778;12;
3;USA;Federated States of Micronesia;Yap;Choqol;E138.184;N9.58861;12;
3;USA;Federated States of Micronesia;Yap;Colonia;E138.129;N9.51444;12;
3;USA;Federated States of Micronesia;Yap;Daabaab;E138.137;N9.54361;12;
3;USA;Federated States of Micronesia;Yap;Daabach;E138.15;N9.53833;12;
3;USA;Federated States of Micronesia;Yap;Dachangar;E138.112;N9.51444;12;
3;USA;Federated States of Micronesia;Yap;Darachaq;E138.182;N9.53333;12;
3;USA;Federated States of Micronesia;Yap;Dariikaan;E138.078;N9.49139;12;
3;USA;Federated States of Micronesia;Yap;Deafqorean;E138.168;N9.51472;12;
3;USA;Federated States of Micronesia;Yap;Dechumur;E138.167;N9.51694;12;
3;USA;Federated States of Micronesia;Yap;Deeningol;E138.158;N9.56028;12;
3;USA;Federated States of Micronesia;Yap;Derraak;E138.197;N9.54472;12;
3;USA;Federated States of Micronesia;Yap;Dilaeg;E138.166;N9.52278;12;
3;USA;Federated States of Micronesia;Yap;Dinaey;E138.104;N9.51139;12;
3;USA;Federated States of Micronesia;Yap;Dingiin;E138.185;N9.59806;12;
3;USA;Federated States of Micronesia;Yap;Doqomchuuy;E138.157;N9.52361;12;
3;USA;Federated States of Micronesia;Yap;Dugor;E138.124;N9.5325;12;
3;USA;Federated States of Micronesia;Yap;Dulkaan;E138.076;N9.4625;12;
3;USA;Federated States of Micronesia;Yap;Faal;E138.166;N9.62167;12;
3;USA;Federated States of Micronesia;Yap;Falarik;E144.448;N7.25806;12;
3;USA;Federated States of Micronesia;Yap;Faneakaan;E138.159;N9.51361;12;
3;USA;Federated States of Micronesia;Yap;Fanqaliiliy;E138.099;N9.50306;12;
3;USA;Federated States of Micronesia;Yap;Faraq;E138.076;N9.48417;12;
3;USA;Federated States of Micronesia;Yap;Feeduqor;E138.081;N9.50056;12;
3;USA;Federated States of Micronesia;Yap;Fiteadooq;E138.067;N9.44444;12;
3;USA;Federated States of Micronesia;Yap;Gaatmoqon;E138.097;N9.53806;12;
3;USA;Federated States of Micronesia;Yap;Gachalaaw;E138.07;N9.45806;12;
3;USA;Federated States of Micronesia;Yap;Gachpar;E138.192;N9.53972;12;
3;USA;Federated States of Micronesia;Yap;Gael';E138.07;N9.46806;12;
3;USA;Federated States of Micronesia;Yap;Gaqnaqun;E138.163;N9.63306;12;
3;USA;Federated States of Micronesia;Yap;Gaqnipaan;E138.1;N9.52306;12;
3;USA;Federated States of Micronesia;Yap;Gargey;E138.135;N9.55556;12;
3;USA;Federated States of Micronesia;Yap;Gilfith;E138.118;N9.57167;12;
3;USA;Federated States of Micronesia;Yap;Gitaem;E138.111;N9.50528;12;
3;USA;Federated States of Micronesia;Yap;Goqchol;E138.197;N9.55806;12;
3;USA;Federated States of Micronesia;Yap;Guroor;E138.074;N9.44611;12;
3;USA;Federated States of Micronesia;Yap;Guruung;E138.117;N9.55556;12;
3;USA;Federated States of Micronesia;Yap;Iauru;E144.452;N7.24444;12;
3;USA;Federated States of Micronesia;Yap;Ievang;E144.452;N7.2475;12;
3;USA;Federated States of Micronesia;Yap;Kadaay;E138.094;N9.53389;12;
3;USA;Federated States of Micronesia;Yap;Kanif;E138.092;N9.52583;12;
3;USA;Federated States of Micronesia;Yap;Keeng;E138.131;N9.52167;12;
3;USA;Federated States of Micronesia;Yap;Laay;E138.074;N9.45361;12;
3;USA;Federated States of Micronesia;Yap;Laay;E138.164;N9.54833;12;
3;USA;Federated States of Micronesia;Yap;Lamear;E138.084;N9.48139;12;
3;USA;Federated States of Micronesia;Yap;Leang;E138.192;N9.53389;12;
3;USA;Federated States of Micronesia;Yap;Leebinaew;E138.183;N9.5275;12;
3;USA;Federated States of Micronesia;Yap;Liil;E138.149;N9.51917;12;
3;USA;Federated States of Micronesia;Yap;Loothog;E138.132;N9.54028;12;
3;USA;Federated States of Micronesia;Yap;Luweech;E138.089;N9.48611;12;
3;USA;Federated States of Micronesia;Yap;Maabuuq;E138.117;N9.52222;12;
3;USA;Federated States of Micronesia;Yap;Maakiy;E138.173;N9.55694;12;
3;USA;Federated States of Micronesia;Yap;Maaloon;E138.167;N9.59028;12;
3;USA;Federated States of Micronesia;Yap;Maaq;E138.101;N9.53528;12;
3;USA;Federated States of Micronesia;Yap;Maaq;E138.169;N9.525;12;
3;USA;Federated States of Micronesia;Yap;Machangad;E138.155;N9.57639;12;
3;USA;Federated States of Micronesia;Yap;Madalaay';E138.179;N9.53667;12;
3;USA;Federated States of Micronesia;Yap;Madargil;E138.076;N9.47;12;
3;USA;Federated States of Micronesia;Yap;Maedriich;E138.129;N9.51;12;
3;USA;Federated States of Micronesia;Yap;Magaaf;E138.095;N9.53;12;
3;USA;Federated States of Micronesia;Yap;Magachgil;E138.071;N9.4425;12;
3;USA;Federated States of Micronesia;Yap;Makal;E138.129;N9.53472;12;
3;USA;Federated States of Micronesia;Yap;Mal'aay;E138.065;N9.46111;12;
3;USA;Federated States of Micronesia;Yap;Malaaf;E138.162;N9.59444;12;
3;USA;Federated States of Micronesia;Yap;Malawaay;E138.132;N9.56194;12;
3;USA;Federated States of Micronesia;Yap;Malawaay;E138.174;N9.59056;12;
3;USA;Federated States of Micronesia;Yap;Maqanpaaq;E138.091;N9.52667;12;
3;USA;Federated States of Micronesia;Yap;Maqweach;E138.13;N9.52583;12;
3;USA;Federated States of Micronesia;Yap;Maseesin;E138.064;N9.46306;12;
3;USA;Federated States of Micronesia;Yap;Meay;E138.192;N9.55667;12;
3;USA;Federated States of Micronesia;Yap;Meechoqol;E138.157;N9.6175;12;
3;USA;Federated States of Micronesia;Yap;Meer;E138.113;N9.49833;12;
3;USA;Federated States of Micronesia;Yap;Meqruur;E138.149;N9.52028;12;
3;USA;Federated States of Micronesia;Yap;Micheew;E138.164;N9.58028;12;
3;USA;Federated States of Micronesia;Yap;Mineef;E138.107;N9.53806;12;
3;USA;Federated States of Micronesia;Yap;Mireeniiw;E138.121;N9.55139;12;
3;USA;Federated States of Micronesia;Yap;Moongael;E138.167;N9.61194;12;
3;USA;Federated States of Micronesia;Yap;Muloeloew;E138.19;N9.54722;12;
3;USA;Federated States of Micronesia;Yap;Mulroq;E138.118;N9.51389;12;
3;USA;Federated States of Micronesia;Yap;Munguuy;E138.124;N9.53222;12;
3;USA;Federated States of Micronesia;Yap;Musgow;E138.136;N9.54417;12;
3;USA;Federated States of Micronesia;Yap;Mussiilog;E138.137;N9.54556;12;
3;USA;Federated States of Micronesia;Yap;Muyuub;E138.189;N9.55528;12;
3;USA;Federated States of Micronesia;Yap;N'eef;E138.071;N9.47333;12;
3;USA;Federated States of Micronesia;Yap;Neel;E138.074;N9.47667;12;
3;USA;Federated States of Micronesia;Yap;Ngariy;E138.073;N9.45556;12;
3;USA;Federated States of Micronesia;Yap;Ngathaaw';E138.181;N9.58361;12;
3;USA;Federated States of Micronesia;Yap;Ngolog;E138.119;N9.50611;12;
3;USA;Federated States of Micronesia;Yap;Ngolog;E138.12;N9.51139;12;
3;USA;Federated States of Micronesia;Yap;Ngoof;E138.077;N9.47528;12;
3;USA;Federated States of Micronesia;Yap;Nimaar;E138.125;N9.51722;12;
3;USA;Federated States of Micronesia;Yap;Nluul;E138.179;N9.60806;12;
3;USA;Federated States of Micronesia;Yap;Numdul;E138.176;N9.58778;12;
3;USA;Federated States of Micronesia;Yap;Numnung;E138.11;N9.54556;12;
3;USA;Federated States of Micronesia;Yap;P'eawaar;E138.112;N9.50194;12;
3;USA;Federated States of Micronesia;Yap;Palaaw;E138.157;N9.575;12;
3;USA;Federated States of Micronesia;Yap;Qaaf;E138.159;N9.515;12;
3;USA;Federated States of Micronesia;Yap;Qabyaang;E138.177;N9.52833;12;
3;USA;Federated States of Micronesia;Yap;Qadibweg;E138.105;N9.54444;12;
3;USA;Federated States of Micronesia;Yap;Qaloog;E138.109;N9.53194;12;
3;USA;Federated States of Micronesia;Yap;Qamin;E138.164;N9.60944;12;
3;USA;Federated States of Micronesia;Yap;Qamin;E138.165;N9.60028;12;
3;USA;Federated States of Micronesia;Yap;Qamun;E138.185;N9.55139;12;
3;USA;Federated States of Micronesia;Yap;Qanooth;E138.067;N9.44306;12;
3;USA;Federated States of Micronesia;Yap;Qanooth;E138.068;N9.44222;12;
3;USA;Federated States of Micronesia;Yap;Qaringeel;E138.086;N9.52056;12;
3;USA;Federated States of Micronesia;Yap;Qatliw;E138.109;N9.55028;12;
3;USA;Federated States of Micronesia;Yap;Qayirech;E138.129;N9.58083;12;
3;USA;Federated States of Micronesia;Yap;Qeang;E138.161;N9.62667;12;
3;USA;Federated States of Micronesia;Yap;Qeedugor;E138.171;N9.52722;12;
3;USA;Federated States of Micronesia;Yap;Qichigiyoeg;E138.137;N9.57278;12;
3;USA;Federated States of Micronesia;Yap;Qokaaw;E138.106;N9.54056;12;
3;USA;Federated States of Micronesia;Yap;Qoon;E138.106;N9.49222;12;
3;USA;Federated States of Micronesia;Yap;Raeng;E138.113;N9.56389;12;
3;USA;Federated States of Micronesia;Yap;Rauau;E144.451;N7.25139;12;
3;USA;Federated States of Micronesia;Yap;Riikeen;E138.197;N9.56028;12;
3;USA;Federated States of Micronesia;Yap;Rimiit;E138.17;N9.58278;12;
3;USA;Federated States of Micronesia;Yap;Riy;E138.166;N9.62861;12;
3;USA;Federated States of Micronesia;Yap;Rueechayaam;E138.133;N9.58667;12;
3;USA;Federated States of Micronesia;Yap;Rumuug;E138.132;N9.54306;12;
3;USA;Federated States of Micronesia;Yap;Rupgeed;E138.183;N9.60861;12;
3;USA;Federated States of Micronesia;Yap;Ruun'uw;E138.134;N9.58444;12;
3;USA;Federated States of Micronesia;Yap;Ruuq;E138.177;N9.54278;12;
3;USA;Federated States of Micronesia;Yap;Ruwaamaaw';E138.164;N9.51333;12;
3;USA;Federated States of Micronesia;Yap;T'eanfaar;E138.186;N9.53639;12;
3;USA;Federated States of Micronesia;Yap;Taafniith;E138.071;N9.48861;12;
3;USA;Federated States of Micronesia;Yap;Taalgum;E138.107;N9.52139;12;
3;USA;Federated States of Micronesia;Yap;Tabeelaeng;E138.113;N9.56056;12;
3;USA;Federated States of Micronesia;Yap;Tabnifiy;E138.076;N9.46861;12;
3;USA;Federated States of Micronesia;Yap;Tabuguw;E138.117;N9.57222;12;
3;USA;Federated States of Micronesia;Yap;Tafgif;E138.122;N9.5425;12;
3;USA;Federated States of Micronesia;Yap;Tagaam';E138.157;N9.62694;12;
3;USA;Federated States of Micronesia;Yap;Tageegiin;E138.088;N9.51667;12;
3;USA;Federated States of Micronesia;Yap;Talangith;E138.162;N9.58861;12;
3;USA;Federated States of Micronesia;Yap;Taqabaaw;E138.12;N9.49917;12;
3;USA;Federated States of Micronesia;Yap;Tarqaaw;E138.072;N9.47694;12;
3;USA;Federated States of Micronesia;Yap;Tawoowaay;E138.064;N9.44611;12;
3;USA;Federated States of Micronesia;Yap;Tayey;E138.113;N9.56472;12;
3;USA;Federated States of Micronesia;Yap;Teab;E138.153;N9.52;12;
3;USA;Federated States of Micronesia;Yap;Thabeeth;E138.065;N9.45333;12;
3;USA;Federated States of Micronesia;Yap;Thool;E138.173;N9.53333;12;
3;USA;Federated States of Micronesia;Yap;Thuunbil'iy;E138.123;N9.58083;12;
3;USA;Federated States of Micronesia;Yap;Toeruw;E138.183;N9.60778;12;
3;USA;Federated States of Micronesia;Yap;Tooraaq;E138.107;N9.49944;12;
3;USA;Federated States of Micronesia;Yap;Torliyog;E138.086;N9.47861;12;
3;USA;Federated States of Micronesia;Yap;Waaloo;E138.18;N9.58306;12;
3;USA;Federated States of Micronesia;Yap;Wachoelaeb;E138.185;N9.595;12;
3;USA;Federated States of Micronesia;Yap;Wanead;E138.184;N9.60472;12;
3;USA;Federated States of Micronesia;Yap;Wanyaan;E138.197;N9.54722;12;
3;USA;Federated States of Micronesia;Yap;Wareaf;E138.176;N9.60417;12;
3;USA;Federated States of Micronesia;Yap;Weenfaraq;E138.165;N9.61833;12;
3;USA;Federated States of Micronesia;Yap;Woriilaq;E138.156;N9.5825;12;
3;USA;Federated States of Micronesia;Yap;Worwoq;E138.128;N9.50917;12;
3;USA;Federated States of Micronesia;Yap;Wugeem;E138.069;N9.45083;12;
3;USA;Federated States of Micronesia;Yap;Wul;E138.183;N9.53611;12;
3;USA;Federated States of Micronesia;Yap;Wuluug;E138.136;N9.57333;12;
3;USA;Federated States of Micronesia;Yap;Wuruipa;E138.09;N9.52611;12;
3;USA;Federated States of Micronesia;Yap;Yabach;E138.074;N9.49639;12;
3;USA;Federated States of Micronesia;Yap;Yimuch;E138.162;N9.51333;12;
3;USA;Federated States of Micronesia;Yap;Yin;E138.123;N9.58056;12;
3;USA;Federated States of Micronesia;Yap;Yinuuf;E138.102;N9.49083;12;
