3;USA;Republic of Palau;Airai;Airai;E134.558;N7.3575;12;
3;USA;Republic of Palau;Airai;Ngersung;E134.535;N7.35361;12;
3;USA;Republic of Palau;Angaur;Ngaramasch;E134.129;N6.90139;12;
3;USA;Republic of Palau;Koror;Koror;E134.479;N7.34194;12;
3;USA;Republic of Palau;Koror;Meyungs;E134.454;N7.35194;12;
3;USA;Republic of Palau;Melekeok;Melekeok;E134.634;N7.49333;12;
3;USA;Republic of Palau;Ngchesar;Ngchesar;E134.607;N7.4675;12;
3;USA;Republic of Palau;Peleliu;Kloulklubed;E134.252;N7.03944;12;
3;USA;Republic of Palau;Peleliu;Koska;E134.249;N7.03417;12;
